시군구명,x,y,광역시도,행정구역,2000,2001,2002,2003,2004,2005,2006,2007,2008,2009,2010,2011,2012,2013,2014,2015,2016,2017,2018,2019,2020,2021,2022,2023,2024
서울특별시 종로구,6,3,서울특별시,종로구,"186,378","184,225","181,231","177,519","174,372","169,315","166,793","165,846","170,705","168,603","170,578","168,382","165,207","160,070","156,993","154,986","152,737","154,770","153,065","151,290","149,384","144,683","141,379","139,417","138,336"
서울특별시 중구,6,4,서울특별시,중구,"141,010","143,016","138,134","134,548","131,971","130,027","130,649","130,044","130,362","129,465","132,822","133,193","133,360","130,465","128,065","125,733","125,249","125,709","125,725","126,171","125,240","122,499","120,437","121,312","120,544"
서울특별시 용산구,6,5,서울특별시,용산구,"240,087","241,033","234,653","231,871","230,107","230,260","232,035","235,832","238,224","238,708","244,853","246,501","243,232","239,740","235,951","233,342","230,241","229,161","228,999","228,670","230,040","222,953","218,650","213,151","203,854"
서울특별시 성동구,7,5,서울특별시,성동구,"340,790","341,375","340,773","339,368","339,113","337,744","334,437","333,535","314,212","308,058","309,093","300,711","299,604","299,337","296,086","297,003","299,259","304,808","308,221","300,889","293,556","285,990","281,000","277,361","273,669"
서울특별시 광진구,7,6,서울특별시,광진구,"391,309","388,109","386,511","384,929","380,537","375,613","374,442","376,572","375,482","373,998","375,463","371,936","371,313","368,927","363,354","360,369","357,215","357,703","355,559","351,350","346,682","339,996","337,416","335,554","331,963"
서울특별시 동대문구,7,4,서울특별시,동대문구,"380,444","381,799","381,841","382,875","379,404","381,110","378,860","376,421","370,250","362,146","366,786","365,486","363,258","364,273","363,687","360,153","355,069","350,647","348,052","346,194","342,837","337,400","336,644","341,149","338,735"
서울특별시 중랑구,8,4,서울특별시,중랑구,"458,440","448,928","442,125","436,089","433,858","427,373","426,078","427,071","427,871","424,761","427,455","423,706","419,295","416,798","418,836","413,909","411,005","408,226","403,209","397,015","394,702","387,350","385,318","382,155","379,274"
서울특별시 성북구,6,2,서울특별시,성북구,"460,862","450,602","443,809","453,057","451,122","462,879","472,843","469,973","473,357","476,028","488,932","485,171","481,857","476,589","466,706","459,275","450,355","444,055","435,868","442,650","437,153","430,528","430,397","425,602","421,560"
서울특별시 강북구,5,2,서울특별시,강북구,"351,995","351,404","361,896","360,663","360,525","353,260","348,990","345,478","342,274","340,367","346,520","345,054","343,157","338,707","335,025","330,873","327,195","324,479","319,164","313,954","308,055","299,182","293,660","288,113","283,597"
서울특별시 도봉구,5,1,서울특별시,도봉구,"370,976","371,259","371,911","376,599","381,939","381,529","377,534","375,975","373,936","369,733","368,298","365,573","362,270","358,582","353,709","351,242","348,220","344,166","339,413","333,362","325,257","317,366","311,694","306,948","303,228"
서울특별시 노원구,6,1,서울특별시,노원구,"632,634","646,905","641,652","631,931","628,184","622,003","618,093","616,753","615,981","610,616","611,230","603,930","597,189","590,479","582,552","574,583","567,581","554,403","543,752","532,905","523,037","510,956","503,734","498,213","491,247"
서울특별시 은평구,4,3,서울특별시,은평구,"469,417","467,719","470,205","474,778","478,087","470,751","464,580","459,196","458,401","465,895","488,109","493,634","501,480","503,660","498,644","497,920","491,476","486,794","483,197","480,032","479,835","473,307","466,746","466,770","460,919"
서울특별시 서대문구,5,3,서울특별시,서대문구,"367,380","366,228","362,614","355,753","352,071","349,163","349,020","348,575","331,688","327,451","324,541","314,852","315,113","314,110","310,376","312,141","314,194","312,800","310,313","309,397","312,173","304,819","306,337","306,231","302,853"
서울특별시 마포구,5,4,서울특별시,마포구,"387,308","379,141","375,417","379,451","383,457","388,164","390,583","392,650","385,119","384,013","391,865","389,493","384,644","381,856","385,439","387,643","379,892","374,915","375,077","374,035","371,890","368,905","364,638","363,697","361,417"
서울특별시 양천구,4,5,서울특별시,양천구,"486,781","484,345","484,518","486,962","495,098","499,755","501,717","503,650","502,343","501,395","500,001","500,210","495,911","492,528","486,221","484,532","477,739","471,154","464,185","458,165","454,251","447,302","440,881","436,028","430,976"
서울특별시 강서구,4,4,서울특별시,강서구,"521,231","521,489","528,321","537,003","541,671","553,660","554,945","560,424","576,848","572,836","574,127","569,072","567,431","569,070","585,160","589,074","595,485","601,691","596,949","591,796","580,185","574,315","569,166","563,058","556,171"
서울특별시 구로구,4,7,서울특별시,구로구,"403,097","415,330","413,363","412,845","416,828","416,405","419,832","420,542","420,795","421,967","423,736","427,468","427,520","424,964","425,831","422,092","417,551","410,742","404,497","406,664","404,408","396,754","395,315","392,405","388,169"
서울특별시 금천구,5,7,서울특별시,금천구,"266,431","260,476","261,413","261,224","259,633","256,902","253,243","249,108","247,320","244,835","245,195","243,438","243,288","241,020","238,463","236,284","235,386","235,154","233,917","232,810","231,733","230,811","229,642","227,481","225,159"
서울특별시 영등포구,4,6,서울특별시,영등포구,"406,510","406,860","408,753","403,327","406,261","408,386","408,698","408,178","408,099","405,798","406,833","397,443","391,408","386,471","382,352","378,504","370,613","368,550","367,778","367,678","379,480","376,837","375,675","374,794","373,773"
서울특별시 동작구,5,5,서울특별시,동작구,"415,892","406,116","403,047","410,360","410,945","410,481","408,582","405,967","400,866","397,920","402,709","401,408","405,491","410,815","407,470","400,641","400,997","396,217","396,203","395,963","391,220","385,483","380,596","378,769","375,799"
서울특별시 관악구,5,6,서울특별시,관악구,"524,404","527,764","522,207","522,456","530,156","530,020","535,217","535,571","534,556","529,869","531,434","526,397","523,029","518,028","513,186","509,663","506,851","503,297","501,957","500,094","495,060","485,699","486,752","481,956","477,812"
서울특별시 서초구,6,6,서울특별시,서초구,"397,869","393,849","389,256","394,757","400,868","401,736","408,266","405,969","406,320","425,481","434,720","433,564","435,044","441,763","449,678","446,764","447,192","441,102","433,951","430,826","425,126","412,279","404,325","407,664","408,376"
서울특별시 강남구,6,7,서울특별시,강남구,"550,343","540,640","535,138","528,977","531,517","540,909","556,964","560,958","557,832","562,138","570,095","565,710","564,197","563,599","578,114","576,495","567,115","556,164","542,364","545,169","539,231","533,042","529,102","544,873","557,345"
서울특별시 송파구,8,6,서울특별시,송파구,"663,177","655,483","647,037","619,514","604,293","605,840","607,005","623,876","668,962","681,476","685,279","682,209","673,115","668,415","664,738","660,302","657,831","664,496","666,635","675,961","667,960","658,338","658,801","654,166","650,110"
서울특별시 강동구,8,5,서울특별시,강동구,"496,549","489,241","481,470","477,230","471,145","464,059","461,760","464,546","469,024","484,745","491,871","495,138","487,905","483,379","476,597","458,658","444,168","436,223","427,573","436,067","459,970","462,664","460,067","459,167","476,942"
부산광역시 중구,10,18,부산광역시,중구,"58,193","57,056","55,671","54,371","53,179","51,957","50,766","50,004","49,565","48,905","49,442","48,686","48,148","47,345","46,737","45,816","45,208","44,218","42,795","41,910","41,523","40,524","39,689","38,619","37,537"
부산광역시 서구,9,18,부산광역시,서구,"154,753","151,874","148,020","144,305","142,460","139,607","136,226","132,803","129,385","125,785","126,040","123,718","120,828","118,783","118,115","115,963","112,973","110,039","110,534","108,229","108,135","105,164","105,192","104,089","103,188"
부산광역시 동구,10,17,부산광역시,동구,"127,138","124,303","121,043","117,617","114,204","109,879","106,890","104,881","102,764","101,153","101,514","100,420","98,529","96,011","94,565","92,069","89,826","88,868","86,912","88,165","88,901","87,679","86,462","87,792","85,911"
부산광역시 영도구,10,19,부산광역시,영도구,"184,488","179,841","174,678","170,355","166,054","162,961","158,780","155,273","152,118","148,139","146,798","143,205","139,765","135,816","132,102","129,385","126,362","123,521","120,109","116,711","113,342","110,638","108,156","106,548","103,737"
부산광역시 부산진구,10,16,부산광역시,부산진구,"430,373","426,518","420,645","410,603","405,534","410,610","405,775","402,359","400,516","395,689","395,826","395,044","392,731","389,765","387,378","381,572","376,526","371,703","362,357","357,880","359,886","353,159","355,917","359,508","359,281"
부산광역시 동래구,11,16,부산광역시,동래구,"300,081","295,361","290,396","282,056","279,366","276,095","279,528","284,901","282,673","281,644","282,779","283,742","278,767","276,689","275,971","272,837","272,745","270,727","266,515","271,247","270,745","266,866","273,226","270,815","274,370"
부산광역시 남구,11,19,부산광역시,남구,"299,518","302,642","305,375","307,287","304,481","302,257","297,893","296,666","298,314","297,963","298,458","295,121","291,175","291,770","286,989","283,101","278,779","273,854","279,917","274,480","267,731","262,069","256,333","254,185","254,498"
부산광역시 북구,9,16,부산광역시,북구,"307,238","311,481","320,976","326,710","333,316","335,699","330,446","325,302","318,859","314,227","312,218","307,988","312,937","309,719","306,974","310,484","310,202","302,924","296,952","291,132","283,952","283,211","278,857","273,596","267,692"
부산광역시 해운대구,12,17,부산광역시,해운대구,"408,842","407,562","401,663","403,585","403,432","404,599","418,875","423,816","424,455","424,974","426,729","425,618","428,188","425,536","423,531","422,818","419,853","412,039","409,347","406,102","402,169","396,438","386,785","380,448","376,404"
부산광역시 사하구,9,19,부산광역시,사하구,"388,020","383,864","378,236","375,283","374,248","371,909","366,865","364,693","365,368","359,800","358,730","355,443","352,726","349,110","343,371","337,781","334,603","333,301","327,791","321,004","311,757","306,003","301,987","297,831","292,491"
부산광역시 금정구,10,15,부산광역시,금정구,"292,187","285,760","278,511","274,696","271,046","264,880","263,338","258,934","256,398","252,039","255,419","254,720","255,692","253,526","249,856","246,026","244,624","244,469","242,956","239,062","232,666","228,049","221,256","215,590","209,932"
부산광역시 강서구,8,18,부산광역시,강서구,"62,137","60,457","58,288","56,415","54,711","53,808","53,169","51,819","52,156","60,372","62,594","64,733","65,806","69,873","79,619","94,608","108,909","117,382","122,957","129,566","137,957","142,918","143,207","142,396","142,789"
부산광역시 연제구,11,17,부산광역시,연제구,"223,344","226,267","228,268","225,473","221,853","217,763","214,809","212,658","212,810","210,390","212,696","213,326","211,536","209,290","208,012","210,718","207,268","206,742","207,840","209,395","209,157","207,144","203,536","205,766","212,589"
부산광역시 수영구,11,18,부산광역시,수영구,"184,743","181,075","177,881","177,119","180,576","178,684","177,814","178,253","177,140","177,292","178,267","176,691","176,666","175,098","178,480","179,795","179,324","179,996","176,246","176,148","176,894","175,095","174,806","174,518","171,918"
부산광역시 사상구,9,17,부산광역시,사상구,"301,127","300,309","294,090","287,938","282,097","277,481","271,484","265,512","260,897","255,274","257,843","254,413","250,424","246,797","242,953","237,711","232,800","229,219","223,361","218,094","212,586","208,298","203,789","202,932","198,635"
부산광역시 기장군,12,16,부산광역시,기장군,"74,324","76,166","76,384","77,632","79,788","80,104","79,334","79,565","81,159","89,384","102,557","108,095","114,566","132,507","144,748","153,093","158,527","161,651","164,864","164,716","174,545","177,125","178,614","178,729","175,626"
대구광역시 중구,10,13,대구광역시,중구,"91,880","89,577","87,070","83,517","79,911","80,081","78,615","79,093","78,824","77,585","77,857","76,600","75,439","76,246","78,812","80,928","79,712","78,986","79,401","77,421","76,547","74,791","80,199","89,064","97,711"
대구광역시 동구,11,13,대구광역시,동구,"338,052","336,272","333,134","339,511","344,328","344,082","337,902","336,049","330,996","331,421","337,529","341,206","342,092","343,802","347,975","349,728","351,352","349,379","351,291","345,469","341,920","341,436","339,530","342,813","342,339"
대구광역시 서구,8,14,대구광역시,서구,"286,197","280,075","272,752","264,699","258,098","251,004","243,560","237,757","228,720","225,193","224,618","222,619","220,211","215,399","210,770","206,028","199,507","191,992","184,372","175,277","170,700","164,528","159,827","164,088","163,135"
대구광역시 남구,9,14,대구광역시,남구,"196,286","192,629","189,725","185,566","181,381","180,011","180,481","178,530","175,317","171,873","171,197","169,095","168,715","166,062","163,492","160,852","156,433","152,845","150,501","148,113","146,632","143,175","141,519","139,187","136,263"
대구광역시 북구,9,13,대구광역시,북구,"409,353","414,305","435,209","446,318","459,741","464,559","468,030","463,056","461,518","453,367","452,505","449,775","448,485","444,359","444,375","443,119","440,383","441,375","439,489","437,710","440,263","437,008","430,912","419,624","413,010"
대구광역시 수성구,10,14,대구광역시,수성구,"459,658","456,487","446,879","448,430","443,881","437,356","440,172","447,164","451,732","456,196","461,988","461,083","459,779","461,004","456,505","451,786","447,011","439,211","432,759","428,614","424,314","417,097","411,553","407,331","409,107"
대구광역시 달서구,8,15,대구광역시,달서구,"588,546","599,664","605,433","603,949","601,467","595,860","589,041","591,169","594,616","598,011","607,083","606,542","606,557","610,358","606,433","602,641","591,891","578,068","573,413","568,887","558,631","544,926","536,989","527,781","522,021"
대구광역시 달성군,9,15,대구광역시,달성군,"154,281","156,100","155,601","157,554","155,905","158,353","158,314","160,443","171,001","176,135","178,899","180,351","184,366","184,358","184,902","192,747","218,268","243,375","250,543","256,540","259,339","262,451","263,162","262,084","257,580"
대구광역시 군위군,9,11,대구광역시,군위군,"32,637","34,055","31,654","29,762","28,825","27,709","26,687","25,781","25,309","24,966","24,736","24,268","24,119","24,172","24,170","24,126","24,171","24,215","23,919","23,843","23,256","22,945","23,340","22,988","22,463"
인천광역시 중구,1,7,인천광역시,중구,"71,522","73,637","78,375","85,415","89,993","92,300","91,916","89,768","88,713","89,688","92,890","93,581","98,648","107,774","111,929","114,493","115,249","117,999","122,499","135,135","139,729","143,633","152,931","158,958","167,113"
인천광역시 동구,1,5,인천광역시,동구,"76,057","75,788","74,747","80,966","81,243","78,128","75,699","74,087","74,866","77,308","79,663","78,692","76,720","75,093","73,978","72,571","71,014","69,487","66,233","64,427","62,542","61,486","58,999","59,482","58,296"
인천광역시 미추홀구,2,7,인천광역시,미추홀구,"420,348","425,371","432,716","433,138","430,889","420,403","416,672","412,379","420,741","419,935","423,876","417,996","414,500","411,330","408,305","404,893","417,103","419,267","416,542","408,862","404,343","407,464","406,004","405,995","412,274"
인천광역시 연수구,1,8,인천광역시,연수구,"262,319","261,038","259,254","257,564","255,998","265,658","271,010","268,780","268,668","271,497","279,230","287,903","292,589","300,305","310,703","319,052","328,627","335,142","346,359","366,550","387,450","389,644","385,796","392,416","400,213"
인천광역시 남동구,2,8,인천광역시,남동구,"407,845","407,615","403,574","392,478","384,244","379,310","390,044","425,217","450,054","463,414","473,423","495,469","503,597","507,021","514,656","531,395","530,982","536,578","537,161","532,704","525,354","518,272","506,181","492,415","486,225"
인천광역시 부평구,2,6,인천광역시,부평구,"546,520","552,093","558,310","554,027","557,144","567,347","570,283","568,905","569,246","563,920","567,493","560,936","559,047","556,985","556,992","555,844","549,716","539,941","524,640","511,577","494,962","486,765","489,118","494,138","493,200"
인천광역시 계양구,2,5,인천광역시,계양구,"337,077","339,696","341,074","340,175","337,103","335,435","342,335","342,564","342,299","344,039","347,810","344,299","342,202","343,806","339,538","334,332","330,284","323,784","312,680","303,471","296,750","295,696","288,856","280,266","280,227"
인천광역시 서구,1,4,인천광역시,서구,"342,973","348,450","350,121","347,117","362,269","380,916","384,431","399,430","393,346","395,508","408,068","436,134","469,887","490,035","498,686","504,606","510,733","516,017","538,596","544,556","542,040","555,380","589,013","624,358","634,064"
인천광역시 강화군,1,3,인천광역시,강화군,"67,100","66,860","65,698","65,044","65,114","65,389","65,510","66,466","67,387","67,049","67,104","66,779","66,752","66,735","67,118","67,667","68,010","68,754","68,896","69,178","69,203","69,693","69,803","69,005","69,402"
인천광역시 옹진군,0,8,인천광역시,옹진군,"14,008","14,050","14,120","14,270","14,820","15,609","16,491","16,980","17,376","18,221","18,739","19,485","20,039","20,698","20,703","20,962","21,351","21,573","21,036","20,566","20,455","20,342","20,613","20,377","19,996"
광주광역시 동구,3,20,광주광역시,동구,"123,647","119,182","117,225","116,486","117,733","114,480","114,086","115,066","109,963","107,772","104,449","106,495","105,580","103,016","100,786","98,784","95,791","95,448","94,475","98,585","102,897","103,470","105,909","107,176","106,203"
광주광역시 서구,2,20,광주광역시,서구,"287,867","300,999","312,205","313,808","315,987","311,511","309,362","307,072","304,885","299,825","303,219","317,936","316,545","315,276","310,317","305,028","309,579","306,957","304,172","300,975","296,576","291,231","287,401","283,991","279,050"
광주광역시 남구,2,21,광주광역시,남구,"231,501","226,143","221,357","216,102","213,321","214,524","211,744","209,024","213,073","213,697","216,863","219,041","218,313","216,254","219,815","221,318","219,729","218,454","216,369","218,060","214,579","215,575","212,379","209,646","207,597"
광주광역시 북구,3,19,광주광역시,북구,"475,992","474,409","471,364","462,384","458,030","454,241","460,985","466,181","474,121","469,410","466,866","444,483","443,677","445,489","447,685","446,316","441,066","438,780","439,773","433,533","430,431","427,114","424,707","421,683","423,961"
광주광역시 광산구,2,19,광주광역시,광산구,"252,902","263,032","275,301","286,982","296,101","306,989","311,621","316,101","320,660","342,936","363,239","375,509","385,101","392,875","397,281","400,753","403,049","404,131","404,547","405,315","405,579","404,221","400,654","396,741","391,611"
대전광역시 동구,5,13,대전광역시,동구,"252,684","246,824","240,487","240,212","238,532","234,724","236,504","244,496","245,973","246,116","248,835","251,285","251,945","250,653","245,493","239,579","234,959","230,516","229,071","226,771","223,021","222,222","219,751","217,628","218,513"
대전광역시 중구,5,14,대전광역시,중구,"267,014","268,306","265,597","268,351","265,962","266,635","263,592","265,430","264,678","264,035","265,846","265,502","264,125","264,913","261,165","256,186","252,490","248,933","244,421","240,473","235,550","230,341","227,108","223,256","225,008"
대전광역시 서구,4,14,대전광역시,서구,"476,893","485,363","496,217","500,551","508,552","509,225","505,600","501,935","499,172","499,297","499,742","499,124","496,513","498,917","496,132","490,859","491,011","487,448","484,663","481,222","477,880","473,365","470,374","464,634","457,951"
대전광역시 유성구,4,13,대전광역시,유성구,"157,638","171,732","187,346","193,974","203,478","220,767","243,130","250,523","259,831","266,585","281,692","294,353","306,312","313,968","327,461","335,312","343,222","348,428","349,790","349,373","351,047","351,277","356,093","366,845","369,468"
대전광역시 대덕구,5,12,대전광역시,대덕구,"231,377","230,939","229,926","229,208","226,947","223,287","217,332","213,275","211,241","208,147","207,549","205,339","205,688","204,360","201,558","196,839","192,688","186,902","181,991","177,031","176,384","175,046","172,746","169,853","168,217"
울산광역시 중구,11,14,울산광역시,중구,"232,038","232,911","234,865","233,629","235,232","235,417","234,896","236,573","233,898","230,212","232,915","232,634","233,013","234,607","238,825","244,481","242,536","238,652","231,973","223,581","217,595","212,883","208,132","208,668","207,000"
울산광역시 남구,12,15,울산광역시,남구,"335,409","344,011","347,695","347,485","347,323","347,162","345,769","342,675","343,922","343,740","344,131","343,504","346,836","349,064","347,759","343,598","340,714","335,439","330,732","323,819","320,064","313,819","310,638","307,232","304,885"
울산광역시 동구,12,14,울산광역시,동구,"186,944","185,951","186,641","186,135","185,383","184,599","185,954","181,844","176,431","173,841","170,764","172,172","175,479","178,468","176,668","174,963","174,514","169,605","164,642","159,656","156,806","154,096","151,711","152,287","150,836"
울산광역시 북구,12,13,울산광역시,북구,"121,073","122,480","124,515","131,775","139,165","146,117","148,772","155,642","166,469","171,674","177,488","182,504","184,088","185,695","188,733","191,063","195,285","200,718","206,434","217,796","219,014","218,735","218,670","216,477","216,522"
울산광역시 울주군,11,15,울산광역시,울주군,"164,761","170,265","171,321","173,843","174,350","174,353","177,103","183,261","191,687","195,399","201,000","204,680","207,840","208,646","214,392","219,429","219,255","220,718","221,842","223,167","222,538","222,059","221,512","218,997","218,806"
세종특별자치시,4,11,세종특별자치시,세종시,0,0,0,0,0,0,0,0,0,0,0,0,"113,117","122,153","156,125","210,884","243,048","280,100","314,126","340,575","355,831","371,895","383,591","386,525","390,685"
경기도 수원시,6,9,경기도,수원시,"948,065","974,866","1,019,711","1,032,944","1,033,829","1,045,587","1,068,906","1,067,702","1,067,425","1,073,149","1,077,535","1,088,489","1,120,258","1,148,157","1,174,228","1,184,624","1,194,041","1,202,628","1,201,166","1,194,465","1,186,078","1,183,714","1,190,964","1,197,257","1,193,005"
경기도 성남시,7,8,경기도,성남시,"924,390","932,780","940,974","962,048","977,166","983,075","964,831","953,960","942,447","962,726","980,190","979,323","978,615","979,534","974,608","971,424","974,580","967,510","954,347","942,724","940,064","930,948","922,518","919,747","913,009"
경기도 의정부시,7,3,경기도,의정부시,"361,131","367,171","378,424","394,803","397,612","402,410","410,938","421,853","430,849","431,008","431,801","430,400","429,147","430,976","431,112","433,937","438,457","441,584","447,026","451,868","461,710","463,661","463,724","464,213","461,271"
경기도 안양시,3,4,경기도,안양시,"581,166","591,670","595,142","604,505","621,047","625,350","624,280","624,197","620,279","616,547","621,714","615,642","611,412","607,877","600,809","597,789","597,414","587,764","576,831","567,044","550,027","547,178","548,228","544,660","556,492"
경기도 부천시,2,4,경기도,부천시,"775,815","781,091","816,499","844,256","855,697","855,359","860,020","864,037","867,678","869,944","875,204","872,452","869,944","863,720","855,586","848,987","851,380","850,329","843,768","829,996","818,383","806,067","790,128","779,968","769,918"
경기도 광명시,3,3,경기도,광명시,"338,139","336,309","340,807","336,083","331,419","327,828","313,372","313,019","310,501","314,257","343,982","355,226","355,560","353,100","348,560","344,978","339,484","332,790","326,841","316,552","298,599","292,893","287,945","280,197","278,167"
경기도 평택시,5,9,경기도,평택시,"356,103","358,263","358,531","364,979","370,653","383,976","396,765","402,458","406,721","410,042","419,457","426,886","434,305","442,034","449,555","460,532","470,832","481,530","495,642","513,027","537,307","564,288","578,529","591,022","598,556"
경기도 동두천시,7,2,경기도,동두천시,"75,529","74,266","73,177","74,735","79,214","82,623","85,803","88,780","90,835","93,211","95,653","96,253","97,175","97,557","97,595","97,974","98,277","97,071","96,226","94,768","94,353","93,592","91,546","88,626","86,838"
경기도 안산시,3,6,경기도,안산시,"566,912","590,598","628,861","651,625","666,784","679,011","698,819","705,040","708,257","705,346","714,891","715,586","715,108","713,666","707,876","697,885","689,859","677,710","660,343","650,918","654,915","652,726","641,660","629,308","620,579"
경기도 고양시,4,2,경기도,고양시,"797,597","811,467","836,664","865,077","886,000","904,077","910,206","924,839","938,831","938,784","950,115","961,239","969,916","990,571","1,006,154","1,027,546","1,039,684","1,041,983","1,044,189","1,066,351","1,079,216","1,079,353","1,076,535","1,074,907","1,070,120"
경기도 과천시,7,7,경기도,과천시,"71,432","71,201","70,488","70,324","68,333","60,956","60,482","62,291","69,477","72,049","72,279","71,955","71,068","70,578","70,156","68,946","63,778","57,527","58,142","58,289","63,231","73,345","78,137","81,000","85,512"
경기도 구리시,9,4,경기도,구리시,"169,417","184,816","193,214","192,947","193,438","192,548","193,847","196,800","195,874","195,593","196,398","194,881","192,341","189,680","186,820","186,721","193,763","200,042","203,553","199,265","197,454","191,948","188,701","187,093","186,882"
경기도 남양주시,8,3,경기도,남양주시,"358,396","375,041","392,614","403,755","418,360","450,054","470,617","492,347","505,867","525,211","564,141","578,485","599,539","618,305","636,256","653,454","662,154","665,321","681,828","701,830","713,321","733,798","737,353","732,265","732,482"
경기도 오산시,3,8,경기도,오산시,"105,933","114,540","115,956","118,167","121,326","129,843","136,311","145,825","150,237","159,734","182,516","193,892","200,291","205,460","208,565","206,828","208,656","213,437","220,070","226,379","229,725","229,983","229,849","229,656","242,065"
경기도 시흥시,3,5,경기도,시흥시,"318,083","337,402","353,860","368,223","378,613","387,239","390,477","390,564","392,756","397,912","403,797","401,149","399,485","396,765","394,639","398,256","402,888","419,664","448,687","473,682","500,895","512,030","512,912","519,715","518,132"
경기도 군포시,5,8,경기도,군포시,"270,151","269,080","268,559","273,765","275,761","277,781","274,569","275,351","277,590","275,731","287,833","287,294","286,841","286,344","288,408","287,519","284,890","281,205","276,916","275,852","273,791","268,535","266,213","261,229","255,931"
경기도 의왕시,6,8,경기도,의왕시,"121,292","124,191","133,395","143,388","145,535","145,952","138,253","135,009","134,488","140,874","147,443","149,607","154,757","159,772","158,482","157,740","156,763","155,767","153,932","161,153","163,795","163,356","160,221","158,870","154,488"
경기도 하남시,9,5,경기도,하남시,"123,366","123,659","127,541","128,326","129,903","132,850","134,824","137,131","143,638","148,566","150,479","148,397","146,269","145,096","148,896","166,713","211,101","232,487","254,415","272,455","293,452","320,087","326,059","329,861","329,120"
경기도 용인시,7,9,경기도,용인시,"392,133","451,670","525,622","575,255","640,452","693,660","766,569","800,294","816,763","839,204","876,550","896,044","915,959","941,477","961,026","975,746","991,126","1,004,081","1,035,126","1,059,609","1,074,176","1,077,508","1,074,971","1,075,566","1,085,864"
경기도 파주시,3,2,경기도,파주시,"191,726","224,658","235,147","237,658","246,323","261,770","292,752","303,831","311,164","323,011","355,632","378,790","394,201","401,718","411,348","423,321","430,781","437,848","451,848","454,040","465,617","483,245","495,315","497,753","511,308"
경기도 이천시,8,8,경기도,이천시,"183,605","187,274","189,526","190,753","190,808","192,271","194,369","195,691","196,633","197,496","202,595","204,566","204,917","205,479","205,014","204,935","210,359","213,142","214,206","215,834","218,388","223,177","222,721","222,098","222,443"
경기도 안성시,4,8,경기도,안성시,"136,590","141,605","147,898","151,522","154,110","157,130","159,655","163,733","169,545","170,919","177,937","180,743","181,608","182,173","181,896","180,199","182,896","182,786","183,579","183,405","187,012","189,534","188,842","189,034","193,949"
경기도 김포시,2,3,경기도,김포시,"162,997","180,404","193,438","203,391","208,192","207,229","207,824","205,997","220,418","225,805","238,339","256,994","287,432","312,305","340,310","349,990","363,443","392,092","423,170","437,221","473,970","486,508","484,267","486,172","486,853"
경기도 화성시,3,7,경기도,화성시,"191,444","210,524","226,930","236,226","271,563","296,530","310,171","371,972","449,354","491,528","505,838","516,765","525,490","530,251","540,862","596,525","640,890","691,086","758,722","815,396","855,248","887,015","910,814","944,342","968,821"
경기도 광주시,8,7,경기도,광주시,"139,339","152,878","175,614","191,466","205,641","214,498","222,048","229,319","234,777","238,583","249,789","265,222","275,656","286,699","298,858","312,579","327,723","345,947","363,782","372,654","382,054","387,289","391,462","391,377","397,605"
경기도 양주시,8,2,경기도,양주시,"117,319","135,748","143,124","148,062","152,596","160,589","169,806","179,914","179,914","182,106","196,706","200,360","200,310","199,143","202,072","205,184","205,513","212,146","216,951","222,314","230,359","236,368","243,432","268,026","289,005"
경기도 포천시,8,1,경기도,포천시,"145,981","146,272","152,507","150,240","150,364","155,242","157,269","158,156","160,176","158,931","158,658","157,967","157,559","156,603","155,798","155,192","154,763","152,925","150,676","148,379","147,274","148,939","146,701","143,323","141,463"
경기도 여주시,9,7,경기도,여주시,"103,622","104,648","104,380","104,030","103,976","104,260","105,022","106,926","107,355","108,088","109,250","109,120","109,550","109,343","110,386","111,033","111,563","111,984","111,525","111,083","111,897","112,150","113,150","114,412","114,610"
경기도 연천군,7,1,경기도,연천군,"52,786","51,655","50,372","49,508","48,687","47,123","46,075","45,603","45,495","45,241","45,177","44,900","45,599","45,610","45,363","45,725","45,907","45,431","44,633","43,824","43,516","42,721","42,062","41,584","40,866"
경기도 가평군,9,3,경기도,가평군,"56,111","56,045","55,506","55,060","54,845","54,861","54,855","55,698","57,108","57,564","58,890","59,358","60,794","61,017","61,213","62,008","62,448","62,973","62,918","62,415","62,377","62,264","62,150","62,302","62,527"
경기도 양평군,9,6,경기도,양평군,"82,773","82,704","82,992","83,730","84,673","85,533","86,298","87,874","89,812","91,450","95,833","99,430","102,193","103,620","105,379","108,316","111,367","115,105","116,095","116,874","118,810","121,230","122,323","125,238","126,804"
강원도 춘천시,10,3,강원도,춘천시,"251,212","251,142","252,624","253,363","254,323","254,999","256,239","258,141","261,975","264,849","269,950","272,805","273,364","274,455","275,791","277,997","280,707","280,514","280,640","281,291","282,765","284,594","286,664","286,426","286,069"
강원도 원주시,10,7,강원도,원주시,"270,009","274,266","276,889","280,738","284,628","288,454","294,155","298,762","303,975","307,882","314,678","320,536","323,885","324,837","327,292","332,995","337,979","341,337","344,070","349,215","354,376","357,757","360,807","361,503","362,164"
강원도 강릉시,11,4,강원도,강릉시,"233,121","231,943","229,869","229,073","227,259","224,391","222,016","220,484","218,399","217,464","218,503","217,571","217,741","216,806","215,807","214,560","213,846","213,952","212,957","213,442","213,321","212,965","211,381","209,439","207,731"
강원도 동해시,11,5,강원도,동해시,"103,654","103,570","102,857","101,764","100,727","99,230","97,497","96,652","95,652","95,271","95,236","95,804","93,897","95,143","94,562","93,895","93,297","92,851","91,272","90,522","90,593","90,081","89,426","88,625","87,675"
강원도 태백시,11,7,강원도,태백시,"57,023","56,193","55,154","53,948","53,264","52,463","51,593","51,490","51,028","50,424","50,864","50,176","49,493","48,794","48,258","47,501","47,070","45,888","44,858","43,866","42,719","40,844","39,428","38,702","37,936"
강원도 속초시,9,1,강원도,속초시,"90,032","90,231","90,029","89,047","87,933","87,124","86,073","85,370","84,599","83,822","84,302","83,745","83,579","83,109","82,432","81,992","81,793","82,273","81,682","81,786","82,665","82,791","82,806","82,054","80,933"
강원도 삼척시,11,8,강원도,삼척시,"82,177","79,770","77,434","75,759","74,301","73,134","71,750","70,791","70,954","71,935","72,046","72,312","72,463","73,023","72,314","70,839","69,599","68,514","68,326","67,228","65,243","63,429","63,455","62,651","61,735"
강원도 홍천군,10,4,강원도,홍천군,"74,461","74,019","72,514","71,351","71,907","70,811","70,037","70,142","70,360","69,606","69,893","69,899","69,727","70,638","70,451","70,336","70,076","70,340","69,949","69,150","69,242","68,365","67,977","67,309","66,717"
강원도 횡성군,10,5,강원도,횡성군,"45,961","45,496","45,198","44,306","44,297","43,678","42,982","43,176","43,413","44,121","44,254","44,360","44,615","44,937","45,373","45,777","45,991","46,281","46,726","46,575","46,472","46,481","46,532","46,359","46,111"
강원도 영월군,10,8,강원도,영월군,"48,393","52,101","45,273","44,027","42,406","41,538","40,511","40,290","40,201","40,265","40,407","40,199","40,155","40,150","40,191","40,216","40,073","40,067","39,730","39,127","38,662","37,904","37,728","37,332","36,721"
강원도 평창군,10,6,강원도,평창군,"47,125","46,478","46,262","46,375","45,311","45,033","44,332","44,003","43,706","43,634","43,622","43,577","43,627","43,666","43,660","43,500","43,318","43,092","42,610","42,106","41,681","40,996","40,990","40,659","40,396"
강원도 정선군,11,6,강원도,정선군,"50,572","49,048","51,226","46,225","45,419","44,203","43,186","41,806","41,269","40,708","41,045","40,181","39,915","39,985","39,425","39,197","38,718","38,173","37,700","37,271","36,870","35,675","34,931","34,202","33,515"
강원도 철원군,6,0,강원도,철원군,"53,190","52,072","50,532","50,212","49,650","48,933","48,024","47,420","47,724","47,669","48,928","48,084","47,968","47,473","47,590","48,799","48,013","47,185","46,413","45,584","44,699","43,340","42,256","41,448","40,497"
강원도 화천군,7,0,강원도,화천군,"25,188","24,965","24,088","24,540","24,267","23,732","23,317","22,944","24,110","24,216","24,364","24,945","25,020","25,079","27,143","27,020","26,264","26,022","25,084","24,917","24,857","24,195","23,388","23,007","22,922"
강원도 양구군,8,0,강원도,양구군,"23,420","23,198","22,527","21,995","21,692","21,480","21,269","21,401","21,303","21,323","21,843","22,285","22,799","23,594","23,888","24,089","24,010","23,835","23,408","22,764","22,278","21,748","21,383","21,056","20,621"
강원도 인제군,9,2,강원도,인제군,"33,618","33,092","32,447","32,092","32,443","32,811","32,493","32,079","31,620","31,452","31,842","31,970","32,456","32,517","32,475","33,255","32,720","32,582","32,136","31,672","31,694","32,165","32,206","32,020","31,535"
강원도 고성군,9,0,강원도,고성군,"35,391","34,643","33,721","32,739","32,361","31,964","31,285","30,383","30,172","30,272","30,112","30,057","30,124","30,398","30,269","30,060","30,114","30,029","28,144","27,260","26,757","27,249","27,274","27,305","26,999"
강원도 양양군,10,2,강원도,양양군,"30,141","30,180","30,076","29,480","29,187","29,132","28,661","28,472","28,115","27,957","27,929","27,942","27,802","27,659","27,521","27,479","27,218","27,207","27,347","27,726","27,946","27,913","27,866","27,710","27,489"
충청북도 청주시,6,12,충청북도,청주시,"580,861","592,504","603,941","615,155","624,288","630,939","626,679","633,286","638,663","643,161","655,971","661,946","666,852","672,904","831,521","831,912","835,197","835,590","837,749","839,566","844,993","848,482","849,573","852,189","854,537"
충청북도 충주시,6,10,충청북도,충주시,"217,305","215,249","211,980","209,138","207,534","205,907","204,610","205,064","206,372","206,613","208,481","208,433","208,447","208,115","208,527","207,913","208,350","208,316","210,504","210,737","210,186","209,358","208,277","207,778","207,241"
충청북도 제천시,8,10,충청북도,제천시,"147,950","144,968","143,231","140,676","138,872","138,201","136,398","136,218","135,738","135,580","137,264","137,689","137,521","137,204","136,805","136,138","136,517","136,432","135,386","134,617","133,018","131,591","130,988","130,194","128,569"
충청북도 보은군,7,12,충청북도,보은군,"43,245","42,082","40,420","38,973","38,062","37,114","36,293","35,354","35,069","34,845","34,956","34,717","34,438","34,318","34,240","34,296","34,221","34,053","33,680","32,949","32,412","31,878","31,455","31,010","30,527"
충청북도 옥천군,6,13,충청북도,옥천군,"60,798","59,515","58,461","57,505","56,634","55,610","54,923","54,608","54,475","54,117","54,025","53,496","53,244","52,763","52,469","52,404","52,267","51,766","51,465","51,023","50,527","50,093","49,520","48,891","48,204"
충청북도 영동군,6,14,충청북도,영동군,"58,627","57,184","55,752","54,036","52,597","51,800","50,819","50,131","50,276","50,426","50,523","50,621","50,663","50,539","50,803","50,693","50,552","50,240","49,715","48,738","47,475","45,773","44,956","44,195","43,551"
충청북도 증평군,6,11,충청북도,증평군,"32,286","31,392","30,738","31,310","30,899","30,607","30,483","31,145","32,179","33,164","33,533","34,009","34,279","34,546","34,771","36,671","37,308","37,783","37,317","37,392","36,807","36,426","37,262","37,484","37,171"
충청북도 진천군,5,11,충청북도,진천군,"60,121","60,309","59,699","59,724","60,347","60,155","60,111","60,154","60,715","61,456","62,094","63,051","63,458","64,606","65,174","67,981","69,950","73,677","78,218","81,084","83,718","85,176","86,147","86,254","86,537"
충청북도 괴산군,7,11,충청북도,괴산군,"44,380","43,126","41,827","40,411","39,586","38,595","37,570","36,873","36,566","36,775","36,827","37,333","37,713","38,059","38,351","38,787","38,973","39,054","39,133","39,163","39,393","38,122","37,055","36,590","36,252"
충청북도 음성군,5,10,충청북도,음성군,"87,956","87,289","86,562","85,771","85,638","85,969","86,789","88,355","89,542","89,716","91,093","91,644","92,980","93,505","95,324","96,396","97,787","97,306","95,830","94,982","93,153","92,197","92,058","91,183","91,236"
충청북도 단양군,7,10,충청북도,단양군,"40,000","38,721","37,320","35,701","34,743","34,122","33,346","32,399","31,929","31,842","31,817","31,595","31,253","31,171","30,948","30,761","30,503","30,215","30,255","29,756","29,155","28,331","27,767","27,701","27,352"
충청남도 천안시,4,9,충청남도,천안시,"421,418","432,534","441,243","456,501","503,082","512,482","523,323","531,956","537,698","540,832","557,673","571,377","581,988","591,089","598,346","605,776","617,955","631,531","646,075","652,258","658,808","658,486","657,559","655,959","659,920"
충청남도 공주시,4,10,충청남도,공주시,"135,589","133,978","132,584","130,957","130,280","129,489","128,330","126,612","125,143","124,172","124,930","124,748","117,298","116,369","113,621","111,261","109,931","108,432","107,581","106,474","104,545","103,145","102,571","102,104","101,285"
충청남도 보령시,2,11,충청남도,보령시,"118,504","116,306","113,365","110,380","108,861","108,056","107,591","107,637","106,885","106,754","107,346","106,421","105,559","104,938","104,321","104,754","103,873","103,198","101,990","101,114","100,229","98,408","97,157","95,772","93,780"
충청남도 아산시,3,9,충청남도,아산시,"184,191","186,469","191,123","193,122","200,938","204,431","211,560","221,490","240,942","256,449","265,191","274,523","280,490","287,073","293,954","297,737","302,929","311,453","312,822","314,395","316,129","324,580","334,539","345,796","355,014"
충청남도 서산시,1,10,충청남도,서산시,"150,028","150,116","148,150","151,818","150,131","150,294","150,889","153,569","156,867","158,886","160,468","161,489","163,315","165,837","167,611","170,099","170,788","171,678","174,162","174,690","175,591","176,645","176,413","176,011","174,445"
충청남도 논산시,3,12,충청남도,논산시,"142,390","140,287","137,419","135,719","135,572","134,217","131,466","129,486","127,797","127,097","127,507","127,533","126,653","125,844","124,784","124,232","123,213","122,240","120,230","118,842","116,675","114,483","112,617","110,423","108,529"
충청남도 계룡시,4,12,충청남도,계룡시,"27,505","28,775","29,830","31,058","31,174","34,370","36,846","37,775","41,411","42,760","43,088","42,942","41,550","40,957","40,552","41,730","42,634","43,967","43,731","42,971","42,822","43,331","44,475","46,667","46,540"
충청남도 당진시,2,9,충청남도,당진시,"122,495","120,445","118,395","116,477","117,510","120,483","124,925","136,254","136,432","138,798","144,903","150,219","155,104","159,615","162,844","165,122","166,630","167,439","167,770","167,042","166,249","167,092","168,253","170,302","171,931"
충청남도 금산군,3,13,충청남도,금산군,"64,515","62,985","61,350","60,740","60,048","58,378","57,552","57,690","56,740","56,220","56,555","56,030","55,715","55,441","55,166","54,879","54,612","53,894","53,222","52,257","51,413","50,477","50,092","50,093","49,615"
충청남도 부여군,2,12,충청남도,부여군,"92,667","90,373","88,014","85,275","83,260","81,430","79,595","77,916","76,687","75,564","75,029","74,004","73,259","72,547","71,754","71,143","70,187","69,086","68,078","66,740","65,354","63,774","62,343","61,046","59,550"
충청남도 서천군,2,13,충청남도,서천군,"75,259","72,787","70,116","67,414","65,650","64,322","62,629","61,168","60,507","60,066","60,085","59,541","58,920","58,441","57,713","56,910","56,012","55,175","53,922","52,805","51,866","50,745","49,964","49,116","48,204"
충청남도 청양군,3,11,충청남도,청양군,"41,025","40,029","38,588","36,992","35,626","34,921","34,086","33,604","33,062","32,613","32,541","32,291","32,087","32,155","32,248","32,485","32,753","32,837","32,296","31,717","30,948","30,440","30,266","30,168","29,658"
충청남도 홍성군,2,10,충청남도,홍성군,"95,369","93,558","91,377","94,658","91,223","90,931","89,555","88,685","88,176","87,631","88,078","88,108","88,415","89,704","91,866","94,553","99,971","101,570","101,082","100,423","100,102","99,324","98,068","97,524","99,198"
충청남도 예산군,3,10,충청남도,예산군,"101,432","100,289","97,786","95,029","91,832","90,740","89,585","88,670","88,144","87,163","87,002","86,421","85,876","85,205","84,919","83,484","81,339","80,338","80,083","79,238","78,084","76,801","77,385","78,354","78,772"
충청남도 태안군,1,9,충청남도,태안군,"68,746","67,878","66,062","63,930","63,764","63,794","63,754","63,042","63,401","63,095","63,247","62,747","62,548","62,416","62,574","63,484","63,900","63,932","63,238","62,743","62,214","61,526","61,335","60,784","60,133"
전라북도 전주시,3,16,전라북도,전주시,"620,521","622,283","624,485","618,819","622,472","621,749","624,849","623,926","631,532","635,007","641,525","645,894","648,863","650,082","652,877","652,282","651,744","648,964","651,091","654,394","657,432","657,269","651,495","642,727","635,651"
전라북도 군산시,2,14,전라북도,군산시,"277,491","276,717","272,007","268,639","265,168","263,120","260,989","260,562","263,845","266,922","272,601","275,659","278,341","278,319","278,098","278,398","277,551","274,997","272,645","270,131","267,859","265,304","262,467","259,980","258,047"
전라북도 익산시,3,14,전라북도,익산시,"334,324","334,757","330,101","325,238","322,378","318,506","315,094","313,590","309,269","306,669","307,289","309,804","306,469","306,539","304,117","302,061","300,479","300,187","294,062","287,771","282,276","278,113","273,697","270,036","268,001"
전라북도 정읍시,2,16,전라북도,정읍시,"152,022","151,813","139,133","155,319","132,285","129,050","126,249","124,239","122,842","121,545","122,000","120,466","119,392","118,328","117,183","115,977","115,173","113,776","112,169","110,541","108,508","106,487","105,081","103,620","102,127"
전라북도 남원시,5,17,전라북도,남원시,"103,571","103,977","100,392","101,950","96,243","93,670","91,265","89,247","88,356","87,675","87,775","87,455","87,000","86,460","85,643","84,856","84,188","83,281","82,554","81,441","80,662","79,431","77,948","76,781","75,647"
전라북도 김제시,3,15,전라북도,김제시,"115,865","115,244","110,989","110,710","105,195","102,720","100,238","97,615","95,807","94,770","94,346","93,111","92,317","91,218","90,108","88,721","87,782","86,926","85,331","83,895","82,450","80,913","81,455","81,430","80,635"
전라북도 완주군,4,15,전라북도,완주군,"84,009","86,719","84,626","83,649","82,482","83,651","83,199","82,972","83,757","83,885","85,119","84,660","86,164","86,978","90,377","95,303","95,480","95,975","94,444","92,220","91,609","91,142","92,422","97,827","99,279"
전라북도 진안군,4,16,전라북도,진안군,"31,273","32,635","30,439","30,475","30,757","29,021","27,122","30,250","27,230","27,558","27,543","28,473","26,963","26,703","26,474","26,203","26,069","26,271","25,963","25,697","25,394","24,987","24,550","24,465","24,161"
전라북도 무주군,5,15,전라북도,무주군,"29,207","30,333","27,894","26,716","26,183","25,876","25,417","26,361","26,017","25,811","25,578","25,863","25,321","25,398","25,390","25,220","24,949","24,809","24,589","24,303","24,036","23,748","23,489","23,251","23,032"
전라북도 장수군,5,16,전라북도,장수군,"30,051","30,445","26,349","29,445","26,788","24,755","24,209","26,687","23,864","23,478","23,386","23,215","23,191","23,243","23,335","23,277","23,628","23,003","23,221","22,441","22,085","21,695","21,336","20,983","20,663"
전라북도 임실군,4,17,전라북도,임실군,"37,514","37,439","35,071","34,283","33,008","32,511","31,976","31,952","31,133","30,703","30,593","30,789","29,956","29,739","29,966","30,271","30,197","30,162","30,072","28,902","27,314","26,730","26,508","25,956","25,577"
전라북도 순창군,3,17,전라북도,순창군,"34,587","33,892","32,329","31,482","31,814","32,012","32,485","32,035","30,920","30,179","30,209","29,497","30,055","30,272","30,368","30,248","29,949","29,698","29,209","28,382","27,810","26,855","26,727","26,764","26,822"
전라북도 고창군,1,16,전라북도,고창군,"74,104","74,286","69,657","69,639","65,203","63,676","62,030","60,962","60,328","60,102","60,861","60,065","60,440","60,522","60,090","60,046","60,597","60,472","57,041","55,504","54,529","53,386","52,338","51,750","50,982"
전라북도 부안군,2,15,전라북도,부안군,"74,716","75,914","70,374","68,066","66,766","65,018","63,243","61,879","60,872","60,204","60,138","59,080","58,869","59,164","57,534","56,848","57,005","56,086","54,441","53,295","52,140","50,795","50,094","49,187","48,066"
전라남도 목포시,0,20,전라남도,목포시,"245,492","245,344","244,909","241,460","241,717","242,988","241,679","243,312","245,651","244,339","245,422","244,871","245,073","240,936","239,109","238,382","237,739","234,379","232,327","229,861","224,044","218,589","216,939","214,156","209,890"
전라남도 여수시,4,21,전라남도,여수시,"323,913","320,146","315,536","310,350","305,312","301,389","297,489","295,439","295,133","293,546","293,488","292,750","292,217","291,366","290,900","290,168","288,988","286,382","283,300","282,786","280,242","276,762","274,765","271,696","267,816"
전라남도 순천시,4,20,전라남도,순천시,"270,345","271,734","271,139","269,843","270,059","270,934","269,940","270,380","269,429","269,516","272,620","272,201","273,798","275,668","277,188","278,765","278,548","279,331","279,389","279,598","282,189","281,436","278,737","278,137","276,329"
전라남도 나주시,1,20,전라남도,나주시,"108,459","105,832","102,825","101,708","99,308","97,980","96,417","95,439","92,884","90,875","90,118","88,243","88,067","87,754","90,669","98,182","104,376","110,110","113,839","114,664","115,613","116,726","116,456","117,377","116,654"
전라남도 광양시,5,20,전라남도,광양시,"137,940","138,238","137,913","136,484","137,601","138,098","138,237","138,865","141,388","143,461","145,512","150,725","150,837","151,621","152,097","153,587","155,580","155,857","156,564","156,750","151,769","150,531","152,168","152,666","154,692"
전라남도 담양군,2,18,전라남도,담양군,"55,089","53,268","51,535","50,933","50,613","50,364","50,332","50,441","48,347","47,286","47,808","47,819","47,612","47,365","47,177","47,009","47,229","47,285","46,917","46,535","46,280","46,180","45,792","45,373","44,623"
전라남도 곡성군,3,18,전라남도,곡성군,"41,149","38,767","36,754","35,297","34,396","34,157","33,631","33,311","32,608","32,084","31,886","31,332","30,878","31,009","30,732","30,672","30,400","30,131","29,624","28,887","28,039","27,535","27,060","26,905","26,566"
전라남도 구례군,4,18,전라남도,구례군,"33,588","32,948","31,755","30,509","30,232","29,577","28,837","28,203","27,703","27,518","27,375","27,422","27,077","27,115","27,170","27,308","27,412","27,525","27,117","26,563","25,719","25,235","24,655","24,314","24,025"
전라남도 고흥군,3,22,전라남도,고흥군,"100,989","95,864","92,715","91,518","86,747","83,830","81,068","78,589","76,605","75,127","73,924","72,607","71,560","70,631","69,641","68,601","67,656","66,736","65,777","64,913","63,922","62,762","61,880","61,113","60,190"
전라남도 보성군,3,21,전라남도,보성군,"61,329","59,417","57,282","55,983","54,288","53,145","51,948","50,921","50,004","49,048","48,792","47,894","47,050","46,385","45,882","45,349","44,469","43,755","42,803","41,420","40,482","39,375","38,471","37,686","37,045"
전라남도 화순군,4,19,전라남도,화순군,"78,610","79,219","78,443","76,123","75,023","73,673","72,615","71,551","70,327","69,675","69,368","68,985","68,378","67,829","66,772","65,848","65,303","64,680","63,933","62,737","62,522","62,624","62,024","61,254","60,735"
전라남도 장흥군,2,22,전라남도,장흥군,"53,392","51,738","50,232","47,837","46,568","45,542","44,451","43,468","42,783","42,097","42,394","42,552","42,672","43,004","43,190","43,513","40,669","40,136","39,312","38,563","37,800","36,547","35,650","35,046","34,451"
전라남도 강진군,1,22,전라남도,강진군,"49,254","50,846","46,381","44,743","43,550","42,696","41,938","41,352","41,153","41,164","41,624","41,599","40,241","40,079","39,861","38,758","37,753","36,868","36,144","35,286","34,597","33,753","33,177","32,722","32,189"
전라남도 해남군,0,21,전라남도,해남군,"99,230","96,445","92,323","89,981","87,736","86,238","84,338","82,529","81,043","81,148","79,579","78,346","78,150","77,684","76,981","76,194","75,121","73,604","71,901","70,354","68,806","67,166","65,831","64,575","63,120"
전라남도 영암군,1,21,전라남도,영암군,"65,268","64,391","64,637","63,267","62,336","62,004","61,546","60,742","60,106","59,837","60,082","60,139","59,997","59,061","58,852","58,137","57,045","55,616","54,731","54,593","53,699","52,937","52,395","52,350","51,391"
전라남도 무안군,1,19,전라남도,무안군,"70,212","68,904","65,976","63,681","62,472","61,915","61,766","63,674","66,598","72,417","74,475","75,718","75,741","79,367","81,696","82,236","82,109","82,872","81,991","81,105","86,132","91,107","90,608","90,296","92,687"
전라남도 함평군,1,18,전라남도,함평군,"45,232","43,522","41,965","42,119","40,205","40,189","38,647","37,998","37,432","37,089","36,702","36,134","35,780","35,610","35,090","34,876","34,397","34,328","33,420","32,861","32,050","31,274","30,784","30,601","30,010"
전라남도 영광군,1,17,전라남도,영광군,"72,780","70,120","67,055","64,148","62,959","61,500","60,045","58,837","58,075","57,037","57,362","56,863","57,224","57,617","56,833","56,267","55,618","54,774","54,127","53,852","53,099","51,985","52,197","51,750","52,098"
전라남도 장성군,2,17,전라남도,장성군,"55,986","54,687","52,542","51,493","50,200","49,165","47,870","47,410","46,602","46,214","46,514","46,245","46,289","46,292","46,273","46,360","46,104","46,111","45,795","45,739","44,464","43,365","43,146","42,543","42,026"
전라남도 완도군,2,23,전라남도,완도군,"66,978","65,397","62,964","61,145","59,950","58,841","57,464","56,201","54,999","54,301","54,269","54,037","53,871","53,619","53,174","53,014","52,668","52,109","51,477","50,689","49,916","48,631","47,597","46,641","45,631"
전라남도 진도군,0,22,전라남도,진도군,"42,229","41,139","39,619","38,382","37,329","36,529","35,953","35,206","34,412","33,931","33,743","33,502","33,208","32,998","32,746","32,476","32,078","31,765","31,219","30,715","31,227","30,066","29,507","28,979","28,478"
전라남도 신안군,0,19,전라남도,신안군,"53,150","51,342","49,704","50,726","47,591","46,451","46,714","45,968","45,718","45,294","45,428","44,355","43,898","44,162","43,747","43,294","42,652","42,070","41,263","40,274","38,938","38,217","37,858","38,037","38,173"
경상북도 포항시,12,11,경상북도,포항시,"515,977","515,039","511,667","508,850","507,129","507,052","505,008","505,555","508,119","509,475","514,755","517,088","518,913","519,467","519,368","519,584","516,775","513,832","510,013","507,025","502,916","503,852","496,650","493,033","491,581"
경상북도 경주시,12,12,경상북도,경주시,"290,149","287,506","284,589","281,177","277,870","275,087","273,419","272,206","269,343","267,466","267,098","265,488","264,091","263,283","261,535","259,773","259,452","257,903","256,864","255,402","253,502","251,889","249,607","247,489","244,769"
경상북도 김천시,8,11,경상북도,김천시,"149,864","150,858","146,666","150,306","143,527","141,632","139,682","139,084","138,056","135,918","136,136","136,185","135,504","135,259","135,456","140,132","142,256","142,908","141,104","141,229","140,548","140,239","139,324","137,515","135,446"
경상북도 안동시,10,10,경상북도,안동시,"183,903","181,838","179,326","175,677","174,037","171,387","168,733","167,916","167,300","167,432","167,886","168,157","168,302","168,461","168,697","169,221","168,798","166,272","162,180","160,052","158,907","156,972","154,610","152,935","153,159"
경상북도 구미시,9,10,경상북도,구미시,"336,914","344,159","350,011","355,629","365,681","374,614","386,465","391,897","393,959","396,419","404,920","413,446","416,949","419,428","420,320","419,915","419,891","421,799","421,494","419,742","416,328","412,581","408,110","405,506","404,820"
경상북도 영주시,10,9,경상북도,영주시,"131,175","128,707","126,040","123,806","121,513","119,098","116,965","115,083","113,930","113,309","113,926","114,148","113,547","112,625","110,780","109,735","109,247","108,371","106,801","105,067","103,119","101,942","100,749","100,199","98,870"
경상북도 영천시,10,12,경상북도,영천시,"119,639","117,991","115,401","112,423","109,520","107,337","105,029","105,819","104,022","103,115","103,190","104,182","101,798","100,778","100,689","100,648","100,521","100,615","101,595","102,470","102,015","101,888","101,088","100,212","98,143"
경상북도 상주시,8,9,경상북도,상주시,"124,674","122,047","118,999","115,337","112,585","110,444","108,280","106,600","105,381","106,208","105,607","104,685","104,182","103,346","102,892","102,374","101,799","100,947","100,297","100,688","97,228","95,566","94,823","93,858","91,850"
경상북도 문경시,9,8,경상북도,문경시,"89,900","89,091","83,749","81,258","79,552","78,058","76,177","74,780","75,486","76,645","77,391","76,727","75,899","75,664","75,911","75,784","74,702","73,294","71,874","72,242","71,406","71,154","70,373","68,755","67,257"
경상북도 경산시,11,12,경상북도,경산시,"213,821","215,995","218,446","216,240","219,579","227,766","234,839","236,881","237,423","236,459","240,708","243,684","246,358","248,805","253,968","256,888","258,037","259,485","261,093","263,185","263,728","268,369","267,725","266,205","266,398"
경상북도 의성군,10,11,경상북도,의성군,"76,327","73,872","70,863","68,372","66,124","64,457","62,947","61,366","60,033","59,109","58,832","57,744","57,043","56,064","55,212","54,477","54,014","53,474","52,944","52,595","51,724","50,632","50,186","50,086","48,690"
경상북도 청송군,11,11,경상북도,청송군,"34,248","33,517","32,323","31,313","30,099","29,298","28,465","27,862","27,289","26,917","26,715","26,569","26,481","26,470","26,453","26,384","26,301","26,006","25,678","25,416","25,044","24,539","24,295","24,019","23,716"
경상북도 영양군,11,10,경상북도,영양군,"22,805","22,172","21,385","20,772","20,205","20,025","19,615","19,119","18,766","18,553","18,451","18,241","18,208","18,297","18,197","17,898","17,713","17,479","17,356","16,993","16,692","16,320","16,022","15,661","15,328"
경상북도 영덕군,12,10,경상북도,영덕군,"51,131","49,593","52,602","46,965","45,826","45,003","46,460","43,470","42,707","41,710","41,377","40,794","40,257","40,142","39,586","39,191","39,052","38,529","38,108","37,361","36,313","35,314","34,650","34,055","33,210"
경상북도 청도군,8,13,경상북도,청도군,"52,497","51,268","50,716","50,141","47,678","46,748","46,144","45,515","44,711","44,279","44,391","44,298","43,968","43,788","43,993","43,724","43,564","43,346","43,057","42,910","42,263","41,891","41,614","41,316","40,582"
경상북도 고령군,7,13,경상북도,고령군,"37,587","36,796","35,978","34,942","34,522","34,271","34,777","34,907","34,770","34,535","34,678","35,455","35,343","35,198","35,033","34,594","34,257","33,768","32,969","32,373","31,361","30,626","30,353","30,139","30,062"
경상북도 성주군,8,12,경상북도,성주군,"51,104","50,380","51,761","48,655","47,731","46,960","46,358","45,680","45,024","45,616","45,289","45,640","45,127","45,067","44,981","45,029","45,205","45,138","44,672","44,015","43,414","42,842","42,566","42,086","41,452"
경상북도 칠곡군,9,12,경상북도,칠곡군,"103,537","104,743","105,844","105,843","106,475","107,750","111,390","113,851","116,472","117,288","119,087","118,838","119,786","121,182","122,058","122,829","123,199","120,864","118,828","117,047","114,758","113,822","112,487","110,581","107,383"
경상북도 예천군,9,9,경상북도,예천군,"59,885","58,081","55,746","53,649","52,132","50,951","50,218","48,866","47,993","47,306","47,049","46,579","46,027","45,573","45,104","44,674","46,166","49,253","53,274","55,100","55,613","55,739","55,755","55,325","54,609"
경상북도 봉화군,11,9,경상북도,봉화군,"42,865","41,364","39,852","39,439","37,526","36,599","35,608","35,046","34,628","34,297","34,567","34,192","33,934","33,894","34,023","33,808","33,539","33,259","32,843","32,150","31,494","30,762","30,139","29,603","28,836"
경상북도 울진군,12,9,경상북도,울진군,"66,298","65,688","63,511","61,031","58,590","56,707","55,076","53,955","53,042","52,529","52,430","52,045","51,844","51,953","52,104","51,885","51,738","50,974","50,036","49,314","48,716","47,858","47,030","46,669","46,124"
경상북도 울릉군,13,6,경상북도,울릉군,"10,241","9,944","9,615","9,245","9,191","9,538","10,235","10,125","10,168","10,325","10,701","10,742","10,673","10,524","10,264","10,153","10,001","9,975","9,832","9,617","9,077","8,867","8,996","9,077","9,099"
경상남도 창원시,7,18,경상남도,창원시,"1,086,209","1,091,863","1,087,686","1,090,359","1,085,802","1,086,530","1,086,839","1,082,843","1,083,292","1,080,441","1,090,181","1,091,881","1,091,471","1,083,731","1,075,168","1,070,064","1,063,907","1,057,032","1,053,601","1,044,740","1,036,738","1,032,741","1,021,487","1,009,038","999,858"
경상남도 진주시,6,17,경상남도,진주시,"341,822","339,906","339,943","337,319","337,425","336,234","333,554","330,756","331,222","331,720","335,037","335,502","337,314","337,071","340,241","344,426","346,739","346,681","345,987","347,334","348,096","347,097","343,782","341,074","338,785"
경상남도 통영시,8,20,경상남도,통영시,"136,864","135,547","134,107","133,420","132,959","132,795","133,127","134,431","136,275","137,415","140,297","140,195","139,347","139,719","139,439","139,168","138,160","135,833","133,720","131,404","128,293","125,383","122,681","120,551","118,481"
경상남도 사천시,6,18,경상남도,사천시,"119,326","119,305","117,076","114,556","112,670","111,293","112,300","112,499","112,828","112,724","114,148","114,133","115,321","116,851","116,485","115,452","114,912","114,252","113,888","111,925","111,105","109,953","109,369","109,030","108,504"
경상남도 김해시,8,19,경상남도,김해시,"343,617","353,768","390,292","407,368","427,432","443,017","453,728","464,964","477,572","492,413","503,348","507,062","513,260","522,049","527,240","528,865","529,422","532,132","533,672","542,455","542,338","537,673","535,129","533,659","531,676"
경상남도 밀양시,8,16,경상남도,밀양시,"124,574","122,999","120,342","117,732","115,459","113,636","112,025","111,473","110,858","110,170","110,479","109,329","108,755","108,342","107,765","107,896","108,354","107,898","106,744","105,552","104,831","103,525","102,945","102,084","100,691"
경상남도 거제시,9,20,경상남도,거제시,"174,981","178,980","182,035","186,208","190,141","195,609","201,412","208,208","217,211","225,522","228,355","232,787","236,944","242,077","248,287","255,828","257,183","254,073","250,516","248,276","245,754","241,216","236,662","234,038","232,972"
경상남도 양산시,8,17,경상남도,양산시,"193,552","200,694","205,958","210,424","213,695","222,299","226,425","231,956","243,012","250,387","260,239","266,403","270,460","279,565","292,376","301,291","317,037","338,535","348,639","350,759","352,229","354,726","353,792","355,122","359,531"
경상남도 의령군,7,16,경상남도,의령군,"34,490","33,494","32,751","32,766","32,371","31,099","31,625","31,418","30,734","30,496","30,162","30,045","30,329","29,417","29,209","28,544","28,111","27,849","27,667","27,168","26,800","26,322","26,061","25,475","25,150"
경상남도 함안군,7,17,경상남도,함안군,"64,846","65,368","64,318","63,435","62,081","61,376","63,460","64,865","66,050","66,582","67,207","66,971","67,425","67,667","68,741","69,156","68,937","68,207","67,025","65,700","64,182","62,547","61,456","60,203","58,842"
경상남도 창녕군,7,15,경상남도,창녕군,"73,019","71,047","69,220","67,313","66,074","64,672","63,476","62,255","61,603","61,252","61,714","62,490","62,966","63,447","63,502","63,817","63,982","64,101","63,396","62,331","61,301","60,129","58,372","57,083","56,085"
경상남도 고성군,7,19,경상남도,고성군,"63,423","62,097","60,374","58,642","57,400","56,189","55,309","55,393","55,950","57,100","57,231","57,264","56,906","56,369","55,916","55,284","54,703","54,060","53,243","52,276","51,361","50,478","50,448","49,468","48,005"
경상남도 남해군,6,19,경상남도,남해군,"59,762","57,916","55,958","54,392","53,129","51,825","50,792","55,026","50,698","50,244","49,328","50,242","48,223","47,244","46,638","45,865","45,129","44,642","43,990","43,622","42,958","42,266","41,579","40,780","39,832"
경상남도 하동군,5,19,경상남도,하동군,"59,556","60,298","56,777","58,010","54,881","53,131","52,898","55,526","53,515","52,010","51,509","53,975","50,806","50,177","49,223","50,259","49,622","48,831","47,533","46,574","44,785","43,449","42,465","41,606","40,765"
경상남도 산청군,5,18,경상남도,산청군,"40,997","39,863","38,726","37,783","36,849","36,294","35,704","35,274","35,043","34,921","35,591","35,651","35,691","35,935","35,849","36,071","36,098","36,340","35,952","35,417","34,857","34,360","34,028","33,752","33,259"
경상남도 함양군,6,16,경상남도,함양군,"46,376","45,184","43,982","42,760","41,922","41,535","41,162","40,637","40,447","40,626","41,197","41,081","40,714","40,692","40,584","40,339","40,241","40,175","40,044","39,637","39,080","38,310","37,708","36,945","36,131"
경상남도 거창군,6,15,경상남도,거창군,"69,744","68,574","67,224","66,370","65,615","64,735","63,917","63,979","63,268","63,180","63,421","63,146","63,103","63,177","63,137","63,232","63,308","62,763","62,455","62,179","61,502","61,073","60,387","60,047","59,588"
경상남도 합천군,7,14,경상남도,합천군,"61,255","59,599","57,649","60,160","57,909","58,162","55,104","55,450","55,677","52,973","51,092","50,608","50,279","50,290","50,457","49,145","48,026","47,000","45,916","45,204","44,006","42,935","42,142","41,203","40,225"
제주특별자치도 제주시,4,24,제주특별자치도,제주시,"378,762","384,515","390,414","393,952","397,983","400,701","403,601","405,458","407,498","410,378","417,539","422,790","429,656","438,165","448,834","459,876","470,665","478,700","485,946","489,405","492,466","493,096","493,389","491,654","488,348"
제주특별자치도 서귀포시,4,25,제주특별자치도,서귀포시,"163,606","162,374","160,417","158,345","157,379","156,868","154,895","153,800","153,120","152,285","153,716","153,366","154,057","155,641","158,512","164,519","170,932","178,383","181,245","181,584","182,169","183,663","184,770","183,598","182,020"
범례,14,12,범례,범례,0,0,0,0,0,0,0,0,0,0,0,0,0,0,0,0,0,0,0,0,0,0,0,0,0
